{
  "Akuressa": [
    6.100139,
    80.475957
  ],
  "Ambepussa": [
    7.241776,
    80.211216
  ],
  "Ampara": [
    7.301756,
    81.674729
  ],
  "Anuradhapura": [
    8.311352,
    80.403651
  ],
  "Avissawella": [
    6.954329,
    80.204577
  ],
  "Badulla": [
    6.993401,
    81.054981
  ],
  "Batticaloa": [
    7.730997,
    81.674729
  ],
  "Beragala": [
    6.763445,
    80.918009
  ],
  "Bulathkohupitiya": [
    7.104528,
    80.336047
  ],
  "Chenkaladi": [
    7.785857,
    81.589802
  ],
  "Colombo": [
    6.927079,
    79.861243
  ],
  "Damana": [
    7.201221,
    81.65693
  ],
  "Dambulla": [
    7.874217,
    80.651129
  ],
  "Deniyaya": [
    6.342485,
    80.559658
  ],
  "Ekala": [
    7.102291,
    79.909475
  ],
  "Ella": [
    6.866699,
    81.046553
  ],
  "Embilipitiya": [
    6.316232,
    80.843315
  ],
  "Galkulama": [
    8.273502,
    80.500776
  ],
  "Galle": [
    6.053519,
    80.220977
  ],
  "Gampaha": [
    7.084048,
    80.009831
  ],
  "Habarana": [
    8.032215,
    80.751927
  ],
  "Hali-Ela": [
    6.956585,
    81.03406
  ],
  "Hambantota": [
    6.142883,
    81.121231
  ],
  "Hatton": [
    6.900344,
    80.596609
  ],
  "Horowopotana": [
    8.559298,
    80.835011
  ],
  "Ja-Ela": [
    7.066798,
    79.904093
  ],
  "Jaffna": [
    9.661498,
    80.025546
  ],
  "Kandy": [
    7.290572,
    80.633726
  ],
  "Karativu": [
    7.377078,
    81.841562
  ],
  "Karawanella": [
    7.02358,
    80.261415
  ],
  "Katugastota": [
    7.33599,
    80.6214
  ],
  "Kegalle": [
    7.251332,
    80.346375
  ],
  "Kerativu": [
    9.584256,
    80.200199
  ],
  "Kollupitiya": [
    6.912815,
    79.850681
  ],
  "Kumbalwela": [
    6.882246,
    81.03406
  ],
  "Kurunegala": [
    7.48177,
    80.360888
  ],
  "Madampe": [
    6.539425,
    80.593144
  ],
  "MahaOya": [
    7.531216,
    81.356095
  ],
  "Mahiyangana": [
    7.33161,
    81.003682
  ],
  "Mankulam": [
    9.136988,
    80.445169
  ],
  "Mannar": [
    8.980974,
    79.904415
  ],
  "Maradankadawela": [
    8.116865,
    80.560511
  ],
  "Matara": [
    5.95492,
    80.554956
  ],
  "Medawachchiya": [
    8.537481,
    80.490981
  ],
  "Mihintale": [
    8.35,
    80.5
  ],
  "Moneragala": [
    6.890645,
    81.345442
  ],
  "Mullaitivu": [
    9.267091,
    80.814248
  ],
  "Nambapana": [
    6.744128,
    80.195875
  ],
  "Navakkuli": [
    9.661037,
    80.080731
  ],
  "Nonagama": [
    6.124375,
    80.981582
  ],
  "Nuwara Eliya": [
    6.949717,
    80.789107
  ],
  "Pachchilapalli": [
    9.567323,
    80.388133
  ],
  "Padeniya": [
    7.655623,
    80.220629
  ],
  "Padiyatalawa": [
    7.392513,
    81.243623
  ],
  "Panadura": [
    6.710636,
    79.907426
  ],
  "Paranthan": [
    9.441415,
    80.404831
  ],
  "Parayanalankulam": [
    8.747211,
    80.193086
  ],
  "Passara": [
    6.934909,
    81.152698
  ],
  "Peliyagoda": [
    6.958492,
    79.905582
  ],
  "Pelmadulla": [
    6.634485,
    80.529954
  ],
  "Peradeniya": [
    7.269865,
    80.593833
  ],
  "Polgahawela": [
    7.327487,
    80.293452
  ],
  "Pottuvil": [
    6.875271,
    81.830633
  ],
  "Puttalam": [
    8.040791,
    79.839386
  ],
  "Rambewa": [
    8.440107,
    80.504944
  ],
  "Ratnapura": [
    6.705574,
    80.384734
  ],
  "Siyambalanduwa": [
    6.906464,
    81.561014
  ],
  "Sri Jayewardenepura": [
    6.886762,
    79.918714
  ],
  "Talaimannar": [
    9.08343,
    79.734379
  ],
  "Tirikkondiadimadu": [
    7.944557,
    81.506149
  ],
  "Trincomalee": [
    8.587364,
    81.215212
  ],
  "Uhana": [
    7.363036,
    81.635277
  ],
  "Vavuniya": [
    8.754203,
    80.49824
  ],
  "Wellawaya": [
    6.737736,
    81.103057
  ],
  "Yakkala": [
    7.086415,
    80.033511
  ]
}